Safaiwale Content Calendar,,,,,,,,,,,
Publishing Cadence,,,,,,,,,,,
Date,Type,Status ,Name,Domain,Keywords ,Content ID,HTML to Publish,Blog Cover Link,URL  (once Published),Notes,SEO Title & Meta (paste into WordPress)
Oct 5,Blog,Ready,How to Declutter Your Home Before Diwali: 15 Easy Ideas,safaiwale.in,"how to declutter your home, decluttering tips for Indian homes, Diwali decluttering tips, home organization ideas small apartment, tips to clean house before guests arrive, how to maintain clean home daily",,https://lasthumancoder.github.io/safaiwale-content/october/raw/how-to-declutter-your-home.html,https://lasthumancoder.github.io/safaiwale-content/october/covers/how-to-declutter-your-home.jpg,,"Numbered listicle of 15 declutter ideas, room by room, framed as the pre-Diwali clear-out. End with a simple keep / donate / discard rule. The head term has huge volume but KD 57 is a stretch for a newer domain, so the Indian-homes and Diwali variants carry the ranking effort.
CLIENT REQUIREMENTS: 1,500-2,000 words; quality over quantity; written to rank well on search engines; listicle-style where the topic suits it.
PUBLISH WINDOW: live by Oct 10 (Diwali is Sun 8 Nov; Dhanteras Fri 6 Nov) so the page has 4+ weeks to index.
PRIMARY: how to declutter your home (Vol 49,500, KD 57)
SECONDARY: decluttering tips for Indian homes (Vol <10, KD 15); Diwali decluttering tips (Vol <10, KD 14)
TERTIARY: home organization ideas small apartment (Vol <10, KD 45); tips to clean house before guests arrive (Vol <10, KD 33); how to maintain clean home daily (Vol <10, KD 32)
Primary keyword must appear 4-5 times naturally in the opening paragraph for optimal SEO. E-E-A-T and on-page SEO principles will be followed throughout. Internal linking will be done from the sitemap.","SEO TITLE (55 chars): How to Declutter Your Home Before Diwali: 15 Easy Ideas
Use the same text as the on-page H1.

META DESCRIPTION (141 chars): Learn how to declutter your home before Diwali with 15 easy ideas, room by room, plus a simple keep, donate or discard rule for Indian homes.

URL SLUG: how-to-declutter-your-home"
Oct 5,Blog,Ready,How to Clean Puja Room Before Diwali: Step-by-Step Guide,safaiwale.in,"how to clean puja room, puja room cleaning tips, Navratri puja room cleaning, Golu display cleaning tips, how to clean wooden furniture at home, mistakes to avoid while cleaning wooden furniture",,https://lasthumancoder.github.io/safaiwale-content/october/raw/how-to-clean-puja-room.html,https://lasthumancoder.github.io/safaiwale-content/october/covers/how-to-clean-puja-room.jpg,,"Step-by-step list: idols and lamps, mandir wood, floor, then diya and decor storage. Keep method advice general and flag what to avoid on wood and metal.
CLIENT REQUIREMENTS: 1,500-2,000 words; quality over quantity; written to rank well on search engines; listicle-style where the topic suits it.
PUBLISH WINDOW: live by Oct 10 (Diwali is Sun 8 Nov; Dhanteras Fri 6 Nov) so the page has 4+ weeks to index.
PRIMARY: how to clean puja room (Vol <10, KD 30)
SECONDARY: puja room cleaning tips (Vol <10, KD 30); Navratri puja room cleaning (Vol <10, KD 12)
TERTIARY: Golu display cleaning tips (Vol <10, KD 20); how to clean wooden furniture at home (Vol 140, KD 32); mistakes to avoid while cleaning wooden furniture (Vol <10, KD 10)
Primary keyword must appear 4-5 times naturally in the opening paragraph for optimal SEO. E-E-A-T and on-page SEO principles will be followed throughout. Internal linking will be done from the sitemap.","SEO TITLE (56 chars): How to Clean Puja Room Before Diwali: Step-by-Step Guide
Use the same text as the on-page H1.

META DESCRIPTION (147 chars): How to clean puja room before Diwali, step by step: idols, lamps, mandir wood and floor, plus what to avoid so nothing gets damaged or discoloured.

URL SLUG: how-to-clean-puja-room"
Oct 6,Blog,Ready,How to Clean Gas Stove Burners Before Diwali: 8 Easy Ways,safaiwale.in,"how to clean gas stove burners, Diwali kitchen cleaning tips, how to deep clean kitchen chimney, how to clean kitchen cabinets, Dhanteras kitchen cleaning, how to clean stainless steel sink",,https://lasthumancoder.github.io/safaiwale-content/october/raw/how-to-clean-gas-stove-burners.html,https://lasthumancoder.github.io/safaiwale-content/october/covers/how-to-clean-gas-stove-burners.jpg,,"Listicle of 8 burner-cleaning methods, then short sections for the chimney, cabinets and sink so the whole Diwali kitchen is covered. Lead with the burner term: 880 searches at KD 15.
CLIENT REQUIREMENTS: 1,500-2,000 words; quality over quantity; written to rank well on search engines; listicle-style where the topic suits it.
PUBLISH WINDOW: live by Oct 10 (Diwali is Sun 8 Nov; Dhanteras Fri 6 Nov) so the page has 4+ weeks to index.
PRIMARY: how to clean gas stove burners (Vol 880, KD 15)
SECONDARY: Diwali kitchen cleaning tips (Vol <10, KD 24); how to deep clean kitchen chimney (Vol <10, KD 21)
TERTIARY: how to clean kitchen cabinets (Vol 320, KD 37); Dhanteras kitchen cleaning (Vol <10, KD 30); how to clean stainless steel sink (Vol 110, KD 30)
Primary keyword must appear 4-5 times naturally in the opening paragraph for optimal SEO. E-E-A-T and on-page SEO principles will be followed throughout. Internal linking will be done from the sitemap.","SEO TITLE (57 chars): How to Clean Gas Stove Burners Before Diwali: 8 Easy Ways
Use the same text as the on-page H1.

META DESCRIPTION (146 chars): How to clean gas stove burners with 8 easy methods, plus quick tips for your chimney, cabinets and sink so your whole kitchen is ready for Diwali.

URL SLUG: how-to-clean-gas-stove-burners"
Oct 6,Blog,Ready,When to Start Diwali Cleaning: A 10-Day Plan for Busy People,safaiwale.in,"when to start Diwali cleaning, Diwali house cleaning schedule, Diwali cleaning tips for working people, Diwali cleaning tips, Diwali cleaning hacks, Diwali cleaning without stress, Diwali cleaning ideas for small homes",,https://lasthumancoder.github.io/safaiwale-content/october/raw/when-to-start-diwali-cleaning.html,https://lasthumancoder.github.io/safaiwale-content/october/covers/when-to-start-diwali-cleaning.jpg,,"Day-by-day timeline with 20-30 minute daily tasks, written for working people. Closest topic to July's 'Deep Cleaning Before Diwali: A Checklist for Delhi Homeowners', so keep it a schedule, do not target 'diwali cleaning checklist', and interlink to the July post.
CLIENT REQUIREMENTS: 1,500-2,000 words; quality over quantity; written to rank well on search engines; listicle-style where the topic suits it.
PUBLISH WINDOW: live by Oct 10 (Diwali is Sun 8 Nov; Dhanteras Fri 6 Nov) so the page has 4+ weeks to index.
PRIMARY: when to start Diwali cleaning (Vol 20, KD 11)
SECONDARY: Diwali house cleaning schedule (Vol <10, KD 11); Diwali cleaning tips for working people (Vol <10, KD 14)
TERTIARY: Diwali cleaning tips (Vol 30, KD 13); Diwali cleaning hacks (Vol 10, KD 17); Diwali cleaning without stress (Vol <10, KD 28); Diwali cleaning ideas for small homes (Vol <10, KD 15)
Primary keyword must appear 4-5 times naturally in the opening paragraph for optimal SEO. E-E-A-T and on-page SEO principles will be followed throughout. Internal linking will be done from the sitemap.","SEO TITLE (60 chars): When to Start Diwali Cleaning: A 10-Day Plan for Busy People
Use the same text as the on-page H1.

META DESCRIPTION (147 chars): When to start Diwali cleaning? Follow this 10-day plan with 20-30 minute daily tasks, made for working people who want a clean home without stress.

URL SLUG: when-to-start-diwali-cleaning"
Oct 7,Blog,Ready,Dhanteras Cleaning Tips: What to Clean Before Diwali Week,safaiwale.in,"Dhanteras cleaning tips, house cleaning before Dhanteras, cleaning before Dhanteras shopping, Dhanteras home cleaning significance, Govardhan Puja cleaning tips, Bhai Dooj home preparation, Karwa Chauth home preparation tips",,https://lasthumancoder.github.io/safaiwale-content/october/raw/dhanteras-cleaning-tips.html,https://lasthumancoder.github.io/safaiwale-content/october/covers/dhanteras-cleaning-tips.jpg,,"What to clean on which day across Karwa Chauth (Thu 29 Oct), Dhanteras (Fri 6 Nov) and the rest of the Diwali run. Verify the Govardhan Puja and Bhai Dooj dates before writing, as sources differ by a day.
CLIENT REQUIREMENTS: 1,500-2,000 words; quality over quantity; written to rank well on search engines; listicle-style where the topic suits it.
PUBLISH WINDOW: live by Oct 10 (Diwali is Sun 8 Nov; Dhanteras Fri 6 Nov) so the page has 4+ weeks to index.
PRIMARY: Dhanteras cleaning tips (Vol <10, KD 22)
SECONDARY: house cleaning before Dhanteras (Vol <10, KD 23); cleaning before Dhanteras shopping (Vol <10, KD 29)
TERTIARY: Dhanteras home cleaning significance (Vol <10, KD 30); Govardhan Puja cleaning tips (Vol <10, KD 26); Bhai Dooj home preparation (Vol <10, KD 18); Karwa Chauth home preparation tips (Vol <10, KD 17)
Primary keyword must appear 4-5 times naturally in the opening paragraph for optimal SEO. E-E-A-T and on-page SEO principles will be followed throughout. Internal linking will be done from the sitemap.","SEO TITLE (57 chars): Dhanteras Cleaning Tips: What to Clean Before Diwali Week
Use the same text as the on-page H1.

META DESCRIPTION (142 chars): Dhanteras cleaning tips: see what to clean and when, from Karwa Chauth to Bhai Dooj, so your home is calm and ready before Diwali week begins.

URL SLUG: dhanteras-cleaning-tips"
Oct 8,Blog,Ready,How to Clean Sofa at Home: 9 Methods for Every Fabric Type,safaiwale.in,"how to clean sofa at home, best sofa cleaner for home use, types of sofa fabric cleaning, sofa cleaning checklist, sofa cleaning mistakes to avoid, Diwali sofa cleaning services",,https://lasthumancoder.github.io/safaiwale-content/october/raw/how-to-clean-sofa-at-home.html,https://lasthumancoder.github.io/safaiwale-content/october/covers/how-to-clean-sofa-at-home.jpg,,"Fabric-by-fabric listicle with a patch-test step and what not to use. Close with when to book professional upholstery cleaning. 2,400 searches at KD 13 is one of the best volume-to-difficulty ratios in this batch.
CLIENT REQUIREMENTS: 1,500-2,000 words; quality over quantity; written to rank well on search engines; listicle-style where the topic suits it.
TIMING: pre-Diwali sofa cleaning demand, publish this week.
PRIMARY: how to clean sofa at home (Vol 2,400, KD 13)
SECONDARY: best sofa cleaner for home use (Vol <10, KD 31); types of sofa fabric cleaning (Vol <10, KD 29)
TERTIARY: sofa cleaning checklist (Vol <10, KD 10); sofa cleaning mistakes to avoid (Vol <10, KD 7); Diwali sofa cleaning services (Vol <10, KD 18)
Primary keyword must appear 4-5 times naturally in the opening paragraph for optimal SEO. E-E-A-T and on-page SEO principles will be followed throughout. Internal linking will be done from the sitemap.","SEO TITLE (58 chars): How to Clean Sofa at Home: 9 Methods for Every Fabric Type
Use the same text as the on-page H1.

META DESCRIPTION (145 chars): How to clean sofa at home with 9 methods for every fabric type, plus a patch-test step, common mistakes to avoid and when to call a professional.

URL SLUG: how-to-clean-sofa-at-home"
Oct 9,Blog,Ready,How to Clean Bathroom Tiles: 12 Easy Ways to Remove Stains,safaiwale.in,"how to clean bathroom tiles, how to remove hard water stains from taps, how to clean grout between tiles, how to clean bathroom exhaust fan, DIY bathroom cleaner recipe, best bathroom cleaner India, bathroom cleaning mistakes, Diwali bathroom cleaning tips",,https://lasthumancoder.github.io/safaiwale-content/october/raw/how-to-clean-bathroom-tiles.html,https://lasthumancoder.github.io/safaiwale-content/october/covers/how-to-clean-bathroom-tiles.jpg,,"Stain-by-stain listicle (hard water, soap scum, grout, mould). Different intent from July's 'Professional Bathroom Cleaning Checklist', which is services-led. Include a what-never-to-mix safety box.
CLIENT REQUIREMENTS: 1,500-2,000 words; quality over quantity; written to rank well on search engines; listicle-style where the topic suits it.
TIMING: ties into pre-Diwali bathroom cleaning, publish this week.
PRIMARY: how to clean bathroom tiles (Vol 1,300, KD 13)
SECONDARY: how to remove hard water stains from taps (Vol 170, KD 18); how to clean grout between tiles (Vol 30, KD 37)
TERTIARY: how to clean bathroom exhaust fan (Vol 140, KD 23); DIY bathroom cleaner recipe (Vol <10, KD 23); best bathroom cleaner India (Vol 90, KD 18); bathroom cleaning mistakes (Vol <10, KD 21); Diwali bathroom cleaning tips (Vol <10, KD 27)
Primary keyword must appear 4-5 times naturally in the opening paragraph for optimal SEO. E-E-A-T and on-page SEO principles will be followed throughout. Internal linking will be done from the sitemap.","SEO TITLE (58 chars): How to Clean Bathroom Tiles: 12 Easy Ways to Remove Stains
Use the same text as the on-page H1.

META DESCRIPTION (140 chars): How to clean bathroom tiles with 12 easy ways to remove hard water stains, soap scum, grout grime and mould, plus what you should never mix.

URL SLUG: how-to-clean-bathroom-tiles"
Oct 12,Blog,Ready,Chhath Puja Home Cleaning: Kitchen and Ghat Hygiene Guide,safaiwale.in,"Chhath Puja home cleaning, Chhath Puja cleaning tips, Chhath Puja kitchen cleaning, house cleaning before Chhath Puja, Chhath Puja prasad kitchen hygiene, Chhath ghat cleaning services, Chhath Puja cleaning services Delhi",,https://lasthumancoder.github.io/safaiwale-content/october/raw/chhath-puja-home-cleaning.html,https://lasthumancoder.github.io/safaiwale-content/october/covers/chhath-puja-home-cleaning.jpg,,"Respectful, practical guide to preparing the home and prasad kitchen. Chhath is mid-November (13-16 Nov per the calendars checked). Keep religious detail accurate and general.
CLIENT REQUIREMENTS: 1,500-2,000 words; quality over quantity; written to rank well on search engines; listicle-style where the topic suits it.
PUBLISH WINDOW: live by Oct 17 for the 13-16 Nov festival.
PRIMARY: Chhath Puja home cleaning (Vol <10, KD 34)
SECONDARY: Chhath Puja cleaning tips (Vol <10, KD 23); Chhath Puja kitchen cleaning (Vol <10, KD 30)
TERTIARY: house cleaning before Chhath Puja (Vol <10, KD 11); Chhath Puja prasad kitchen hygiene (Vol <10, KD 29); Chhath ghat cleaning services (Vol <10, KD 32); Chhath Puja cleaning services Delhi (Vol <10, KD 29)
Primary keyword must appear 4-5 times naturally in the opening paragraph for optimal SEO. E-E-A-T and on-page SEO principles will be followed throughout. Internal linking will be done from the sitemap.","SEO TITLE (57 chars): Chhath Puja Home Cleaning: Kitchen and Ghat Hygiene Guide
Use the same text as the on-page H1.

META DESCRIPTION (144 chars): Chhath Puja home cleaning guide: how to prepare your kitchen, prasad area and home, with hygiene tips to follow well before the festival begins.

URL SLUG: chhath-puja-home-cleaning"
Oct 13,Page,Ready (optimise existing page),Pest Control Service Near Me: What to Check Before Booking,safaiwale.in,"pest control service near me, best pest control service, cockroach control near me, best home pest control service, types of pest control services, best pest control company in India",,https://lasthumancoder.github.io/safaiwale-content/october/raw/pest-control-services-near-me.html,https://lasthumancoder.github.io/safaiwale-content/october/covers/pest-control-services-near-me.jpg,https://safaiwale.in/pest-control-services-near-me/,"Service page, not a blog. 9,900 searches is the biggest term in this batch. 'Near me' results are local-pack heavy, so pair the page with a complete Google Business Profile and city pages. Semrush returned no KD for most of these terms. Check the site first: if a pest control hub page already exists, switch this row to Optimisation.
CLIENT REQUIREMENTS: quality over quantity; written to rank well on search engines.
LENGTH: 1500-2000 words is the client's blog standard; confirm whether it applies to service pages.
PRIMARY: pest control service near me (Vol 9,900, KD not reported)
SECONDARY: best pest control service (Vol 590, KD not reported); cockroach control near me (Vol 30, KD not reported)
TERTIARY: best home pest control service (Vol 20, KD not reported); types of pest control services (Vol 10, KD 11); best pest control company in India (Vol 50, KD not reported)
Primary keyword must appear 4-5 times naturally in the opening paragraph for optimal SEO. E-E-A-T and on-page SEO principles will be followed throughout. Internal linking will be done from the sitemap.","SEO TITLE (58 chars): Pest Control Service Near Me: What to Check Before Booking
Use the same text as the on-page H1.

META DESCRIPTION (147 chars): Looking for pest control service near me? See the main treatment types, what to check before you book and how Safaiwale can help protect your home.

URL SLUG: pest-control-service-near-me"
Oct 14,Page,Ready (optimise existing page),"Deep Cleaning Service Near Me: Types, Checklist and Process",safaiwale.in,"deep cleaning service near me, types of deep cleaning services, deep cleaning checklist for home, kitchen deep cleaning checklist, villa deep cleaning checklist",,https://lasthumancoder.github.io/safaiwale-content/october/raw/deep-cleaning-services.html,https://lasthumancoder.github.io/safaiwale-content/october/covers/deep-cleaning-services.jpg,https://safaiwale.in/deep-cleaning-services/,"Service page, not a blog. 8,100 searches, local-pack heavy, no KD reported. Link out to the August cost guides, which already carry 'deep cleaning services'. Check the site for an existing deep cleaning page first; if there is one, switch this row to Optimisation.
CLIENT REQUIREMENTS: quality over quantity; written to rank well on search engines.
LENGTH: 1500-2000 words is the client's blog standard; confirm whether it applies to service pages.
PRIMARY: deep cleaning service near me (Vol 8,100, KD not reported)
SECONDARY: types of deep cleaning services (Vol <10, KD 22); deep cleaning checklist for home (Vol 30, KD 25)
TERTIARY: kitchen deep cleaning checklist (Vol 20, KD 20); villa deep cleaning checklist (Vol <10, KD 23)
Primary keyword must appear 4-5 times naturally in the opening paragraph for optimal SEO. E-E-A-T and on-page SEO principles will be followed throughout. Internal linking will be done from the sitemap.","SEO TITLE (59 chars): Deep Cleaning Service Near Me: Types, Checklist and Process
Use the same text as the on-page H1.

META DESCRIPTION (143 chars): Deep cleaning service near me: learn the types of deep cleaning, what a room-by-room checklist covers and how the process works with Safaiwale.

URL SLUG: deep-cleaning-service-near-me"
Oct 15,Page,Ready (optimise existing page),"Home Cleaning Service Near Me: Services, Process and Booking",safaiwale.in,"home cleaning service near me, best home cleaning service, best home cleaning services in Delhi, best home cleaning services in Mumbai, best maid service in Delhi, types of house cleaning services",,https://lasthumancoder.github.io/safaiwale-content/october/raw/home-cleaning-services-near-me.html,https://lasthumancoder.github.io/safaiwale-content/october/covers/home-cleaning-services-near-me.jpg,https://safaiwale.in/home-cleaning-services-near-me/,"Service hub page, not a blog. 6,600 searches, local-pack heavy. Keep it distinct from August's 'How to Choose a Home Cleaning Service in Gurgaon' and link to it. Only include cities Safaiwale actually serves. Check the site for an existing hub page first.
CLIENT REQUIREMENTS: quality over quantity; written to rank well on search engines.
LENGTH: 1500-2000 words is the client's blog standard; confirm whether it applies to service pages.
PRIMARY: home cleaning service near me (Vol 6,600, KD not reported)
SECONDARY: best home cleaning service (Vol 590, KD not reported); best home cleaning services in Delhi (Vol 170, KD 22)
TERTIARY: best home cleaning services in Mumbai (Vol 170, KD 23); best maid service in Delhi (Vol 70, KD not reported); types of house cleaning services (Vol 20, KD 14)
Primary keyword must appear 4-5 times naturally in the opening paragraph for optimal SEO. E-E-A-T and on-page SEO principles will be followed throughout. Internal linking will be done from the sitemap.","SEO TITLE (60 chars): Home Cleaning Service Near Me: Services, Process and Booking
Use the same text as the on-page H1.

META DESCRIPTION (149 chars): Home cleaning service near me: see the types of house cleaning, how the process works and how to book a trusted home cleaning service with Safaiwale.

URL SLUG: home-cleaning-service-near-me"
Oct 16,Blog,Ready,"How to Clean Washing Machine Drum, Fridge and AC at Home",safaiwale.in,"how to clean washing machine drum, how to clean refrigerator deeply, how to clean microwave naturally, how to clean air conditioner filter, how to clean ceiling fan quickly, best cleaning tools for home",,https://lasthumancoder.github.io/safaiwale-content/october/raw/how-to-clean-washing-machine-drum.html,https://lasthumancoder.github.io/safaiwale-content/october/covers/how-to-clean-washing-machine-drum.jpg,,"Appliance-by-appliance how-to, led by the washing machine drum (2,400 searches). Add a safety note on unplugging before cleaning.
CLIENT REQUIREMENTS: 1,500-2,000 words; quality over quantity; written to rank well on search engines; listicle-style where the topic suits it.
TIMING: pre-festive appliance clean-up; evergreen afterwards.
PRIMARY: how to clean washing machine drum (Vol 2,400, KD 29)
SECONDARY: how to clean refrigerator deeply (Vol <10, KD 29); how to clean microwave naturally (Vol <10, KD 29)
TERTIARY: how to clean air conditioner filter (Vol 70, KD 32); how to clean ceiling fan quickly (Vol <10, KD 23); best cleaning tools for home (Vol 20, KD 28)
Primary keyword must appear 4-5 times naturally in the opening paragraph for optimal SEO. E-E-A-T and on-page SEO principles will be followed throughout. Internal linking will be done from the sitemap.","SEO TITLE (56 chars): How to Clean Washing Machine Drum, Fridge and AC at Home
Use the same text as the on-page H1.

META DESCRIPTION (144 chars): How to clean washing machine drum, fridge, microwave and AC filter at home with simple steps, safety tips and the tools you need to do it right.

URL SLUG: how-to-clean-washing-machine-drum"
Oct 19,Blog,Ready,Home Remedies for Cockroaches: 12 Methods That Really Work,safaiwale.in,"home remedies for cockroaches, how to prevent cockroaches in kitchen, ways to get rid of cockroaches naturally, types of cockroaches in India, best cockroach killer spray India, how to prepare home for pest control",,https://lasthumancoder.github.io/safaiwale-content/october/raw/home-remedies-for-cockroaches.html,https://lasthumancoder.github.io/safaiwale-content/october/covers/home-remedies-for-cockroaches.jpg,,"DIY-remedies listicle. September's cockroach post covers professional cost, so this one stays on home methods. Be honest about what DIY can and cannot clear, and when to call a professional. Interlink to the September cost post.
CLIENT REQUIREMENTS: 1,500-2,000 words; quality over quantity; written to rank well on search engines; listicle-style where the topic suits it.
TIMING: evergreen, 2,400 searches at KD 22.
PRIMARY: home remedies for cockroaches (Vol 2,400, KD 22)
SECONDARY: how to prevent cockroaches in kitchen (Vol 590, KD 15); ways to get rid of cockroaches naturally (Vol 110, KD 23)
TERTIARY: types of cockroaches in India (Vol 210, KD 28); best cockroach killer spray India (Vol 110, KD 31); how to prepare home for pest control (Vol 10, KD 18)
Primary keyword must appear 4-5 times naturally in the opening paragraph for optimal SEO. E-E-A-T and on-page SEO principles will be followed throughout. Internal linking will be done from the sitemap.","SEO TITLE (58 chars): Home Remedies for Cockroaches: 12 Methods That Really Work
Use the same text as the on-page H1.

META DESCRIPTION (141 chars): Try 12 home remedies for cockroaches, from kitchen prevention to natural methods, and learn what DIY can fix and when to call a professional.

URL SLUG: home-remedies-for-cockroaches"
Oct 20,Blog,Ready,How to Prevent Mosquitoes at Home: 12 Practical Ways to Try,safaiwale.in,"how to prevent mosquitoes at home, home remedies for mosquitoes, best mosquito repellent for home, types of mosquito control methods, essential oils to repel insects",,https://lasthumancoder.github.io/safaiwale-content/october/raw/how-to-prevent-mosquitoes-at-home.html,https://lasthumancoder.github.io/safaiwale-content/october/covers/how-to-prevent-mosquitoes-at-home.jpg,,"Standing-water checklist plus repellent options. Add a short health note (fever after bites means see a doctor). Essential oils sit at KD 55, so keep them as a supporting section, not the focus.
CLIENT REQUIREMENTS: 1,500-2,000 words; quality over quantity; written to rank well on search engines; listicle-style where the topic suits it.
TIMING: post-monsoon mosquito season.
PRIMARY: how to prevent mosquitoes at home (Vol 720, KD 39)
SECONDARY: home remedies for mosquitoes (Vol 70, KD 38); best mosquito repellent for home (Vol 260, KD 30)
TERTIARY: types of mosquito control methods (Vol <10, KD 46); essential oils to repel insects (Vol 30, KD 55)
Primary keyword must appear 4-5 times naturally in the opening paragraph for optimal SEO. E-E-A-T and on-page SEO principles will be followed throughout. Internal linking will be done from the sitemap.","SEO TITLE (59 chars): How to Prevent Mosquitoes at Home: 12 Practical Ways to Try
Use the same text as the on-page H1.

META DESCRIPTION (153 chars): How to prevent mosquitoes at home with 12 practical ways, from clearing standing water to using repellents, plus when to see a doctor if you feel unwell.

URL SLUG: how-to-prevent-mosquitoes-at-home"
Oct 21,Blog,Ready,How to Clean Water Tank at Home After Monsoon: Full Guide,safaiwale.in,"how to clean water tank at home, types of water tank cleaning methods, how to clean window grills, how to clean balcony tiles, how to prevent dampness in walls",,https://lasthumancoder.github.io/safaiwale-content/october/raw/how-to-clean-water-tank-at-home.html,https://lasthumancoder.github.io/safaiwale-content/october/covers/how-to-clean-water-tank-at-home.jpg,,"Tank cleaning step by step with safety and a recommended frequency (writer to confirm from credible sources), then post-monsoon sections for grills, balcony tiles and damp walls. KD 11 on the primary is the easiest term in the batch.
CLIENT REQUIREMENTS: 1,500-2,000 words; quality over quantity; written to rank well on search engines; listicle-style where the topic suits it.
TIMING: post-monsoon. Distinct from August's Mumbai monsoon cleaning tips.
PRIMARY: how to clean water tank at home (Vol 590, KD 11)
SECONDARY: types of water tank cleaning methods (Vol <10, KD 13); how to clean window grills (Vol 210, KD 26)
TERTIARY: how to clean balcony tiles (Vol 110, KD 21); how to prevent dampness in walls (Vol 50, KD 20)
Primary keyword must appear 4-5 times naturally in the opening paragraph for optimal SEO. E-E-A-T and on-page SEO principles will be followed throughout. Internal linking will be done from the sitemap.","SEO TITLE (57 chars): How to Clean Water Tank at Home After Monsoon: Full Guide
Use the same text as the on-page H1.

META DESCRIPTION (141 chars): How to clean water tank at home after monsoon: a step-by-step guide with safety tips, plus fixes for window grills, balconies and damp walls.

URL SLUG: how-to-clean-water-tank-at-home"
Oct 22,Blog,Ready,Griha Pravesh Cleaning Services: What a Deep Clean Covers,safaiwale.in,"Griha Pravesh cleaning services, pre wedding home deep cleaning, wedding season home cleaning services, housewarming deep cleaning checklist, new home cleaning checklist, move in cleaning checklist India",,https://lasthumancoder.github.io/safaiwale-content/october/raw/griha-pravesh-cleaning-services.html,https://lasthumancoder.github.io/safaiwale-content/october/covers/griha-pravesh-cleaning-services.jpg,,"What a new-home or pre-wedding deep clean includes. Different from September's pest-control-before-moving-in post, so interlink both. The housewarming checklist term is KD 47, so lead with the lower-KD terms.
CLIENT REQUIREMENTS: 1,500-2,000 words; quality over quantity; written to rank well on search engines; listicle-style where the topic suits it.
PUBLISH WINDOW: live by Oct 25; wedding season opens around 20 Nov.
PRIMARY: Griha Pravesh cleaning services (Vol <10, KD 12)
SECONDARY: pre wedding home deep cleaning (Vol <10, KD 9); wedding season home cleaning services (Vol <10, KD 21)
TERTIARY: housewarming deep cleaning checklist (Vol <10, KD 47); new home cleaning checklist (Vol <10, KD 40); move in cleaning checklist India (Vol <10, KD 17)
Primary keyword must appear 4-5 times naturally in the opening paragraph for optimal SEO. E-E-A-T and on-page SEO principles will be followed throughout. Internal linking will be done from the sitemap.","SEO TITLE (57 chars): Griha Pravesh Cleaning Services: What a Deep Clean Covers
Use the same text as the on-page H1.

META DESCRIPTION (144 chars): Griha pravesh cleaning services explained: what a deep clean covers in a new home or before a wedding, and a checklist to help you plan it well.

URL SLUG: griha-pravesh-cleaning-services"
Oct 23,Blog,Ready,"How to Clean After Diwali Crackers: Soot, Ash and Smell",safaiwale.in,"how to clean after Diwali crackers, post Diwali cleaning tips, dust control tips for Delhi homes, air quality and home cleaning tips Delhi, how to remove bad smell from house, how to make house smell good naturally",,https://lasthumancoder.github.io/safaiwale-content/october/raw/how-to-clean-after-diwali-crackers.html,https://lasthumancoder.github.io/safaiwale-content/october/covers/how-to-clean-after-diwali-crackers.jpg,,"Post-festival clean-up: soot on walls and balconies, ash, lingering smell, dust. Must be live and indexed before Diwali on 8 Nov, because search interest follows the festival.
CLIENT REQUIREMENTS: 1,500-2,000 words; quality over quantity; written to rank well on search engines; listicle-style where the topic suits it.
PUBLISH WINDOW: live by Oct 25.
PRIMARY: how to clean after Diwali crackers (Vol <10, KD 11)
SECONDARY: post Diwali cleaning tips (Vol <10, KD 15); dust control tips for Delhi homes (Vol <10, KD 30)
TERTIARY: air quality and home cleaning tips Delhi (Vol <10, KD 19); how to remove bad smell from house (Vol 10, KD 22); how to make house smell good naturally (Vol 20, KD 17)
Primary keyword must appear 4-5 times naturally in the opening paragraph for optimal SEO. E-E-A-T and on-page SEO principles will be followed throughout. Internal linking will be done from the sitemap.","SEO TITLE (55 chars): How to Clean After Diwali Crackers: Soot, Ash and Smell
Use the same text as the on-page H1.

META DESCRIPTION (147 chars): How to clean after Diwali crackers: remove soot, ash, dust and lingering smell from walls, floors and balconies with simple, careful steps at home.

URL SLUG: how-to-clean-after-diwali-crackers"
Oct 26,Blog,Ready,How to Get Rid of Houseflies: 12 Natural Ways That Work,safaiwale.in,"how to get rid of houseflies, kitchen pest control tips, natural ways to keep pests away, neem for pest control at home, bathroom pest control tips, how to prevent pests in apartment",,https://lasthumancoder.github.io/safaiwale-content/october/raw/how-to-get-rid-of-houseflies.html,https://lasthumancoder.github.io/safaiwale-content/october/covers/how-to-get-rid-of-houseflies.jpg,,"Hygiene-first listicle, then natural deterrents, then when to call a professional. 2,900 searches is the biggest DIY pest term here but KD is 36.
CLIENT REQUIREMENTS: 1,500-2,000 words; quality over quantity; written to rank well on search engines; listicle-style where the topic suits it.
TIMING: evergreen.
PRIMARY: how to get rid of houseflies (Vol 2,900, KD 36)
SECONDARY: kitchen pest control tips (Vol 30, KD 23); natural ways to keep pests away (Vol <10, KD 41)
TERTIARY: neem for pest control at home (Vol <10, KD 31); bathroom pest control tips (Vol <10, KD 15); how to prevent pests in apartment (Vol <10, KD 21)
Primary keyword must appear 4-5 times naturally in the opening paragraph for optimal SEO. E-E-A-T and on-page SEO principles will be followed throughout. Internal linking will be done from the sitemap.","SEO TITLE (55 chars): How to Get Rid of Houseflies: 12 Natural Ways That Work
Use the same text as the on-page H1.

META DESCRIPTION (142 chars): How to get rid of houseflies with 12 natural ways: fix hygiene gaps, use simple deterrents and learn when to call a pest control professional.

URL SLUG: how-to-get-rid-of-houseflies"
Oct 27,Blog,Ready,How to Clean Carpet and Mattress at Home: Step-by-Step Tips,safaiwale.in,"how to clean carpet at home, how to clean mattress at home, types of carpet cleaning methods, types of mattress cleaning methods, how to clean door mats and rugs, how to keep house clean with pets",,https://lasthumancoder.github.io/safaiwale-content/october/raw/how-to-clean-carpet-and-mattress-at-home.html,https://lasthumancoder.github.io/safaiwale-content/october/covers/how-to-clean-carpet-and-mattress-at-home.jpg,,"Two how-tos in one: carpet (720 searches) and mattress (590). Add a pet-stain section and a drying-time warning to prevent mould.
CLIENT REQUIREMENTS: 1,500-2,000 words; quality over quantity; written to rank well on search engines; listicle-style where the topic suits it.
TIMING: evergreen.
PRIMARY: how to clean carpet at home (Vol 720, KD 23)
SECONDARY: how to clean mattress at home (Vol 590, KD 19); types of carpet cleaning methods (Vol <10, KD 23)
TERTIARY: types of mattress cleaning methods (Vol <10, KD 23); how to clean door mats and rugs (Vol <10, KD 21); how to keep house clean with pets (Vol 30, KD 21)
Primary keyword must appear 4-5 times naturally in the opening paragraph for optimal SEO. E-E-A-T and on-page SEO principles will be followed throughout. Internal linking will be done from the sitemap.","SEO TITLE (59 chars): How to Clean Carpet and Mattress at Home: Step-by-Step Tips
Use the same text as the on-page H1.

META DESCRIPTION (148 chars): How to clean carpet at home and refresh your mattress with step-by-step methods, pet stain tips and drying advice that helps stop mould coming back.

URL SLUG: how-to-clean-carpet-and-mattress-at-home"
Oct 28,Blog,Ready,How to Prevent Lizards at Home: 12 Natural Ways That Work,safaiwale.in,"how to prevent lizards at home, how to pest proof your home, camphor uses for pest control, DIY pest repellent spray, pest control precautions for babies",,https://lasthumancoder.github.io/safaiwale-content/october/raw/how-to-prevent-lizards-at-home.html,https://lasthumancoder.github.io/safaiwale-content/october/covers/how-to-prevent-lizards-at-home.jpg,,"Entry-point sealing and food-source steps first, then natural repellents. Add a safety note: camphor and strong oils can be harmful around babies and pets, so the writer must verify guidance against credible sources.
CLIENT REQUIREMENTS: 1,500-2,000 words; quality over quantity; written to rank well on search engines; listicle-style where the topic suits it.
TIMING: evergreen, 1,300 searches at KD 37.
PRIMARY: how to prevent lizards at home (Vol 1,300, KD 37)
SECONDARY: how to pest proof your home (Vol <10, KD 26); camphor uses for pest control (Vol <10, KD 36)
TERTIARY: DIY pest repellent spray (Vol <10, KD 50); pest control precautions for babies (Vol <10, KD 11)
Primary keyword must appear 4-5 times naturally in the opening paragraph for optimal SEO. E-E-A-T and on-page SEO principles will be followed throughout. Internal linking will be done from the sitemap.","SEO TITLE (57 chars): How to Prevent Lizards at Home: 12 Natural Ways That Work
Use the same text as the on-page H1.

META DESCRIPTION (151 chars): How to prevent lizards at home with 12 natural ways: seal entry points, cut off food sources and try repellents, with safety notes for babies and pets.

URL SLUG: how-to-prevent-lizards-at-home"
"  Topics and dates are tentative and may change based on keyword competition, local events, or seasonal trends.  ",,,,,,,,,,,
